Date,Consumer Confidence,CPI Index,Industrial Production Index,12m EPS growth,Unemployment rate,Volatility Index,PMI Index,Housing Starts Index,Federal Funds Index,PPI Index,M1 Index,M2 Index,Personal Income Growth Index,Balance Of Trade Index,Home Price Index,Existing Homes Index,Debt To GDP Ratio Index,SP500 ETF,Corp bonds,USD/EUR,REIT,Gold price (USD),Date,GDP Growth Rate,Curent Account Balance,Date,Debt To GDP Ratio
3/1/2000,102.7685,171,92.083,40%,4,24.11,55.8,1737,5.73,1,1108.6,4679.4,0.7,-29.794,1.09,5.12,-71.54663893,138.44,363.72,1.0459,1050.948112,276.75,3/31/1994,3.9,-24.98,34454,64.107
4/1/2000,102.7501,170.9,92.6659,32%,3.8,26.2,54.9,1604,5.85,0.5,1107.5,4710.2,0.7,-30.557,1.07,5.19,-74.38781017,150.38,358.4,1.0959,1120.167771,275.05,6/30/1994,5.5,-28.58,34546,64.012
5/1/2000,102.7249,171.2,92.9347,32%,4,23.65,54.7,1626,6.02,-0.3,1115.6,4766.1,0.5,-28.598,1.19,5.2,-76.46389773,147.06,358.26,1.0662,1131.892473,272.25,9/30/1994,2.4,-31.61,34638,64.386
6/1/2000,102.6267,172.2,93.0018,19%,4,19.54,53.2,1575,6.27,0.1,1104.9,4753.9,0.4,-29.165,1.2,5.11,-77.82351933,145.31,354.18,1.0498,1161.923498,288.15,12/31/1994,4.7,-36.44,34730,64.663
7/1/2000,102.5935,172.7,92.8373,22%,4,20.74,51.4,1559,6.53,0.8,1102.6,4771.8,0.6,-30.405,1.09,5.13,-79.5407199,145.28,360.73,1.0796,1260.65877,276.75,3/31/1995,1.4,-31.43,34819,65.313
8/1/2000,102.5589,172.7,92.591,22%,4.1,16.84,52.5,1463,6.54,0.1,1103.5,4789.4,0.8,-31.252,0.69,5.11,-82.81740357,143.88,361.89,1.1254,1210.662801,277,6/30/1995,1.2,-32.01,34911,64.739
9/1/2000,102.5094,173.6,92.9827,10%,3.9,20.57,49.9,1541,6.5,-0.2,1100.2,4817.5,0.5,-29.931,0.68,5.17,-87.79013542,152.5,366.36,1.1313,1249.594634,273.65,9/30/1995,3.5,-26.98,35003,64.183
10/1/2000,102.4011,173.9,92.64,-5%,3.9,23.63,49.7,1507,6.52,0.8,1099.7,4853.2,0.5,-33.333,0.7,5.29,-92.67484718,143.63,363.06,1.1778,1196.018216,264.5,12/31/1995,2.7,-23.15,35095,65.042
11/1/2000,102.1504,174.2,92.6604,-5%,3.9,29.65,48.7,1549,6.51,0.4,1098.7,4869.2,0.4,-33.378,0.81,5.25,-95.52474324,142.47,351.72,1.1464,1210.257324,269.1,3/31/1996,3,-27.44,35185,64.25
12/1/2000,101.624,174.6,92.3457,0%,3.9,26.85,48.5,1551,6.51,0.5,1092.4,4880.3,0.2,-32.723,0.99,5.35,-96.01050505,132.22,337.41,1.0611,1294.047145,274.45,6/30/1996,6.8,-29.84,35277,64.255
1/1/2001,101.1024,175.6,91.8908,-3%,4.2,22.02,43.9,1532,6.4,0.2,1088.6,4925,0.4,-33.42,1.11,5.1,-95.9754738,131.19,345.71,1.0677,1312.883121,264.5,9/30/1996,3.6,-36.06,35369,64.447
2/1/2001,100.7213,176,91.2851,-3%,4.2,28.35,42.3,1600,5.98,0.9,1096.7,4975.7,1.1,-35.202,1.12,5.1,-97.34271453,137.93,368.34,1.083,1295.873367,266.7,12/31/1996,4.2,-31.43,35461,64.344
3/1/2001,100.5567,176.1,91.0585,-30%,4.3,28.64,42.1,1625,5.49,0.1,1101.2,5014.1,0.4,-29.301,0.96,5.23,-100.3375496,124.6,373.33,1.1393,1307.674993,257.7,3/31/1997,2.6,-36.08,35550,63.109
4/1/2001,100.5238,176.4,90.7384,-41%,4.4,25.48,43.1,1590,5.31,-0.5,1108.9,5072,0.4,-32.812,0.84,5.45,-103.4757971,116.69,365.71,1.1258,1342.063612,263.15,6/30/1997,6.8,-28.8,35642,62.487
5/1/2001,100.6463,177.3,90.2607,-41%,4.3,22.64,42.7,1649,4.8,0.6,1116.7,5135.9,0,-30.521,0.65,5.32,-105.2857232,127.05,361.85,1.1821,1376.063202,267.5,9/30/1997,5.1,-32.72,35734,62.77
6/1/2001,100.7251,177.7,89.7811,-43%,4.5,19.06,41.3,1605,4.21,0.2,1118.5,5133,0,-27.095,0.4,5.27,-105.7432667,126.73,366.82,1.1764,1456.511131,270.6,12/31/1997,3.5,-43.13,35826,62.51
7/1/2001,100.6393,177.4,89.2352,-43%,4.6,21.62,43.2,1636,3.97,-0.4,1126.2,5173.5,0.1,-29.151,0.52,5.43,-106.0123737,122.6,357.41,1.1412,1431.316775,265.9,3/31/1998,4.1,-44,35915,61.852
8/1/2001,100.3387,177.4,89.157,-43%,4.9,24.92,43.5,1670,3.77,-1.2,1138.9,5203.4,0,-29.902,0.51,5.43,-107.1426873,122.11,363.98,1.096,1479.801208,273,6/30/1998,3.8,-51.35,36007,60.587
9/1/2001,99.90548,178.1,88.6749,-63%,5,31.93,46.3,1567,3.65,0.4,1150.2,5237.2,-0.1,-28.094,0.64,5.48,-108.3640076,114.15,366.08,1.0969,1420.490571,293.1,9/30/1998,5.1,-58.89,36099,60.407
10/1/2001,99.74929,177.6,88.4051,-58%,5.3,33.56,46.2,1562,3.07,0.4,1205.7,5348.4,-0.3,-30.217,0.66,5.23,-107.6915542,104.27,340.1,1.1113,1382.220316,278.75,12/31/1998,6.6,-60.82,36191,60.049
11/1/2001,99.89661,177.5,87.886,-58%,5.5,23.84,40.8,1540,2.49,-1.6,1165.7,5337.1,0.1,-30.588,0.55,5.25,-103.6031916,108.51,351.81,1.1155,1456.213477,275.5,3/31/1999,3.8,-60.84,36280,59.192
12/1/2001,100.2531,177.4,87.8518,-56%,5.7,23.8,44.1,1602,2.09,-0.4,1171,5380.8,0,-30.003,0.48,5.24,-98.20878139,114.05,364.05,1.1225,1494.650616,276.5,6/30/1999,3.4,-67.96,36372,58.393
1/1/2002,100.5978,177.7,88.4634,-46%,5.7,21.09,45.3,1568,1.82,-0.4,1183.2,5433.8,0.1,-27.488,0.33,5.49,-95.2654774,114.3,361.19,1.1646,1500.339159,282.3,9/30/1999,5.4,-76.13,36464,58.343
2/1/2002,100.8044,178,88.4578,-46%,5.7,21.59,47.5,1698,1.73,-0.2,1190.7,5454.1,0.3,-29.678,0.57,5.86,-97.46832675,112.65,363.34,1.1509,1527.495609,296.85,12/31/1999,6.7,-81.69,36556,57.721
3/1/2002,100.9911,178.5,89.1265,-26%,5.7,17.4,50.7,1829,1.74,0.2,1190.6,5483.4,0.2,-32.501,0.68,5.9,-101.8252033,113.74,359.33,1.1471,1618.940267,301.4,3/31/2000,1.5,-94.77,36646,55.485
4/1/2002,101.0437,179.3,89.5507,-23%,5.9,21.91,52.4,1642,1.73,0.6,1193.3,5495.2,0.2,-31.161,0.92,5.63,-103.4623603,114.57,367.27,1.1108,1640.204917,308.2,6/30/2000,7.5,-96.39,36738,54.992
5/1/2002,101.0177,179.5,89.9348,-23%,5.8,19.98,52.4,1592,1.75,-0.1,1186.9,5495.4,0.5,-33.965,0.96,5.67,-99.11453594,109.18,373.4,1.0708,1663.908858,326.6,9/30/2000,0.4,-104.47,36830,54.258
6/1/2002,100.7677,179.6,90.6736,9%,5.8,25.4,53.1,1764,1.75,-0.2,1189.3,5521.5,0.3,-34.026,1.13,5.64,-92.26940812,107.22,370.48,1.0086,1709.473884,318.5,12/31/2000,2.4,-106.28,36922,55.144
7/1/2002,100.433,180,90.6436,14%,5.8,32.03,53.6,1717,1.75,0.3,1193.3,5546.5,0.4,-34.732,1.17,5.51,-88.18488447,97.03,342.22,1.0229,1623.170339,304.65,3/31/2001,-1.3,-107.14,37011,54.032
8/1/2002,100.1572,180.5,90.5505,14%,5.7,32.64,50.2,1655,1.73,-0.1,1199.1,5589.1,-0.1,-33.913,1.17,5.41,-90.40446553,88.78,330.94,1.0183,1622.776091,312.8,6/30/2001,2.5,-95.25,37103,54.798
9/1/2002,99.91587,180.8,90.6373,50%,5.7,39.69,50.3,1633,1.74,0.1,1187.1,5631.6,0.2,-36.385,1.11,5.36,-96.78085305,91.78,336.74,1.0135,1558.643096,323.7,9/30/2001,-1.6,-103.44,37195,55.752
10/1/2002,99.7337,181.2,90.3988,11%,5.7,31.14,50.5,1804,1.75,0.4,1196.1,5656,0.2,-36.088,0.94,5.52,-103.9920689,85.72,330.88,1.0096,1487.431704,316.9,12/31/2001,1.1,-88.26,37287,55.697
11/1/2002,99.74871,181.5,90.8947,11%,5.9,27.5,49,1648,1.75,0.6,1204,5700.4,0.4,-35.095,1,5.68,-109.6336983,90.27,329.11,1.0053,1554.813909,319.05,3/31/2002,3.4,-102.61,37376,56.271
12/1/2002,99.74618,181.8,90.3906,26%,6,28.62,48.5,1753,1.34,0,1209.6,5750.6,0.3,-39.515,0.94,5.73,-113.3243958,93.98,349.27,0.9524,1572.605174,347.2,6/30/2002,2.5,-114.67,37468,56.703
1/1/2003,99.56802,182.6,91.18112,47%,5.8,31.17,51.6,1788,1.24,-0.2,1220.2,5772,0.3,-43.607,0.98,5.97,-114.960509,88.23,354.35,0.9284,1528.73789,367.5,9/30/2002,1.6,-114.85,37560,57.91
2/1/2003,99.41,183.6,91.2505,47%,5.9,29.63,51.3,1853,1.24,1,1227.3,5804.6,0,-41.156,0.78,6.03,-114.9679064,86.06,364.99,0.9262,1553.503768,347.45,12/31/2002,0.5,-123.98,37652,57.819
3/1/2003,99.49301,183.9,91.0006,-11%,5.9,29.15,48.8,1629,1.26,1.1,1238.2,5840.7,0.1,-40.082,0.72,6.02,-114.636159,84.9,369.9,0.9152,1585.621465,334.85,3/31/2003,2.1,-135.36,37741,58.961
4/1/2003,99.92635,183.2,90.4311,-4%,6,21.21,46.3,1726,1.25,0.9,1239.3,5861.4,0.4,-43.806,0.68,5.86,-115.3175506,86.04,380.98,0.8939,1661.259454,336.75,6/30/2003,3.6,-129.34,37833,58.645
5/1/2003,100.3536,182.9,90.4,-4%,6.1,19.47,46.1,1643,1.26,-1.3,1250,5898.8,0.2,-42.037,0.63,5.84,-117.6801043,91.9,402.77,0.8483,1762.95103,361.4,9/30/2003,6.8,-130.1,37925,59.445
6/1/2003,100.5095,183.1,90.5196,38%,6.3,19.52,49,1751,1.26,-0.2,1268.8,5959.3,0.6,-41.045,0.65,5.94,-121.4854514,96.95,406.33,0.8687,1808.806006,346,12/31/2003,4.7,-127.49,38017,59.807
7/1/2003,100.5117,183.7,90.9869,35%,6.2,19.49,49,1867,1.22,0.6,1281,5996,0.4,-39.696,0.55,5.94,-126.4072605,98.53,417.19,0.8904,1903.502718,354.75,3/31/2004,2.3,-136.99,38107,60.055
8/1/2003,100.4225,184.5,90.7933,35%,6.1,18.63,51,1897,1.01,0.1,1287.5,6042.7,0.4,-41.321,0.85,6.27,-131.4415601,98.51,409.89,0.9107,1911.694107,375.6,6/30/2004,3.1,-156.11,38199,59.966
9/1/2003,100.3871,185.1,91.3819,56%,6.1,22.72,53.2,1833,1.03,0.6,1296.4,6100.8,0.5,-39.892,1.01,6.52,-134.8532589,101.44,417.32,0.8577,1971.867594,388,9/30/2004,3.8,-161.5,38291,60.637
10/1/2003,100.5351,184.9,91.5049,111%,6,16.1,52.4,1939,1.01,0.2,1297.2,6072.8,0.5,-41.842,1.19,6.58,-135.0283685,102.08,429.19,0.8632,2014.34764,386.25,12/31/2004,4.1,-181.29,38383,60.913
11/1/2003,100.827,185,92.1265,111%,5.8,16.32,55.2,1967,1.01,0.6,1297.8,6063.6,0.4,-41.388,1.19,6.39,-132.5936889,105.3,437.53,0.8337,2105.337162,398.35,3/31/2005,4.5,-170.82,38472,60.642
12/1/2003,101.1297,185.5,92.1732,91%,5.7,18.31,58.4,2083,1,-0.1,1299.1,6069.1,0.7,-39.898,1.24,6.23,-129.8442171,107.6,443.87,0.7945,2177.5289,416.25,6/30/2005,2,-180.64,38564,60.359
1/1/2004,101.4088,186.3,92.3268,39%,5.7,16.63,60.1,2057,0.98,0.3,1306.2,6067.3,0.3,-44.08,1.3,6.49,-128.8723675,111.28,454.1,0.8018,2271.20933,399.75,9/30/2005,3.2,-188.19,38656,61.32
2/1/2004,101.2953,186.7,92.8995,39%,5.6,14.55,60.8,1911,1,0.6,1306,6075.5,0.2,-44.645,1.24,6.23,-129.4580773,113.48,461.43,0.8005,2321.023892,395.85,12/30/2005,2.2,-209.57,38748,61.556
3/1/2004,101.1277,187.1,92.5368,132%,5.8,16.74,59.9,1846,1.01,-0.1,1321.4,6114.3,0.3,-44.552,1.25,6.41,-130.0985962,116.16,461.53,0.8123,2450.9436,423.7,3/31/2006,5.5,-199.51,38837,61.221
4/1/2004,100.9568,187.4,92.8957,143%,5.6,17.19,60.6,1998,1,0.3,1328.7,6150.1,0.5,-46.754,1.54,6.66,-129.5182688,113.78,464.11,0.8344,2076.832169,388.5,6/30/2006,1,-204.95,38929,61.333
5/1/2004,100.8785,188.2,93.5845,143%,5.6,15.5,60.6,2003,1,0.7,1332.8,6191.2,0.5,-47.283,1.55,6.73,-128.2148637,110.96,460.94,0.8206,2223.498547,393.25,9/29/2006,0.6,-218.44,39021,61.827
6/1/2004,101.0162,188.9,92.8651,31%,5.6,14.34,61.4,1981,1,0.8,1333.3,6268.1,0.9,-47.553,1.5,6.85,-127.4786474,112.71,453.21,0.8206,2290.041891,395.8,12/29/2006,3.5,-193.75,39113,62.253
7/1/2004,101.1275,189.1,93.5502,22%,5.5,15.32,60.5,1828,1.03,0,1342.7,6270.5,0.4,-54.169,1.58,6.92,-128.4699367,112.94,461.01,0.8325,2291.006639,391.4,3/30/2007,1.2,-200.32,39202,61.572
8/1/2004,101.1028,189.2,93.6301,22%,5.4,15.29,59.9,2002,1.26,-0.1,1340.8,6284.3,0.4,-51.606,1.27,6.84,-131.5790492,110.84,466.49,0.8206,2471.589988,407.25,6/29/2007,2.5,-193.33,39294,61.848
9/1/2004,100.9841,189.8,93.7353,29%,5.4,13.34,58.5,2024,1.43,0.3,1354.3,6310.6,0.5,-53.647,1.01,6.7,-136.9210945,111.32,475.24,0.8044,2476.383257,415.65,9/28/2007,2.3,-175.76,39386,62.719
10/1/2004,100.895,190.8,94.5695,26%,5.5,16.27,57.4,1905,1.61,0.1,1362.5,6345.3,0.3,-51.686,0.94,6.68,-144.2096367,113.65,481.43,0.7822,2588.963136,425.55,12/31/2007,2.5,-167.14,39478,64.173
11/1/2004,100.9591,191.7,94.8015,26%,5.4,13.24,56.3,2072,1.76,1.6,1362.3,6373.3,0.5,-55.058,0.97,6.85,-151.501653,113.51,491.01,0.7523,2709.023633,453.4,3/31/2008,-1.7,-182.28,39568,63.852
12/1/2004,101.0947,191.7,95.5415,11%,5.4,13.29,56.2,1782,1.93,0.6,1362.3,6373.3,0.1,-58.967,1.04,6.96,-156.4275788,119.23,496.14,0.7376,2839.704677,435.6,6/30/2008,2.4,-179.82,39660,67.285
1/1/2005,101.08,191.6,95.8785,12%,5.3,12.82,57.2,2042,2.16,-0.5,1374.2,6399.8,3.4,-54.918,1.16,6.89,-157.9192024,120.87,503.45,0.7673,2615.034163,422.15,9/30/2008,-2.1,-178.19,39752,73.245
2/1/2005,100.9246,192.4,96.5709,12%,5.4,12.08,56.8,2144,2.28,0.3,1376,6418.3,-2.6,-56.189,1.41,7.1,-158.7811021,118.91,503.57,0.7556,2673.978671,435.45,12/31/2008,-8.5,-156.23,39844,77.105
3/1/2005,100.6953,193.1,96.4345,8%,5.2,14.02,55.5,2207,2.5,0.5,1367.1,6424.5,0.3,-58.094,1.52,6.88,-162.5271477,121.23,509.99,0.7713,2624.252696,427.5,3/31/2009,-4.5,-99.4,39933,80.28
4/1/2005,100.5071,193.7,96.6347,11%,5.2,15.31,55.2,1864,2.63,0.7,1371.1,6432.8,0.6,-53.134,1.63,6.96,-170.4096873,117.43,496.46,0.7768,2747.030884,435.7,6/30/2009,-0.7,-87.09,40025,82.427
5/1/2005,100.575,193.6,96.7251,11%,5.1,13.29,52.2,2061,2.79,0.3,1370.9,6441.9,0.6,-57.312,1.27,7.12,-178.3092586,115.75,490.87,0.8124,2845.253898,414.45,9/30/2009,1.4,-91.38,40117,84.029
6/1/2005,100.8249,193.7,97.1483,14%,5,12.04,50.8,2025,3,-0.2,1358.4,6455.9,0.5,-56.04,1.1,7.08,-181.354769,120.5,501.76,0.8262,2978.973006,437.1,12/31/2009,4.4,-101.85,40209,86.512
7/1/2005,100.7314,194.9,96.8397,15%,5,11.57,52.4,2068,3.04,0,1366,6473.3,0.3,-58.152,1.06,7.18,-177.9346377,119.53,509.18,0.8244,3174.605961,429,3/31/2010,1.9,-103.03,40298,88.128
8/1/2005,100.1407,196.1,97.1584,15%,4.9,12.6,52.8,2054,3.26,0.7,1380.1,6505.8,0.6,-58.301,0.98,7.14,-172.6632242,123.65,516.66,0.8101,3039.81108,433.25,6/30/2010,3.9,-111.74,40390,89.565
9/1/2005,99.42278,198.8,95.2764,21%,5,11.92,52.4,2095,3.5,0.8,1369,6537.4,0.6,-58.745,1.04,7.23,-170.7634104,122.49,518.63,0.8311,3036.753979,473.25,9/30/2010,3.1,-116.62,40482,91.611
10/1/2005,99.18978,199.1,96.4411,21%,5,15.32,56.8,2151,3.62,1.6,1377.8,6570.2,0.6,-64.882,1.16,7.25,-173.8197119,123.04,513.83,0.8341,2953.717359,470.75,12/31/2010,2.1,-100.62,40574,92.956
11/1/2005,99.57593,198.1,97.5016,21%,5,12.06,57.2,2065,3.78,1.1,1378.6,6604.3,0.7,-67.265,1.16,7.1,-178.6638704,120.49,510.24,0.8482,3081.859725,495.65,3/31/2011,-0.9,-119.24,40663,92.194
12/1/2005,100.1521,198.1,97.9723,23%,4.9,12.07,56.7,2147,4,-1.1,1376.5,6638.6,0.4,-63.859,1.15,7.03,-181.9489195,126.69,512.9,0.8442,3075.063983,513,6/30/2011,2.7,-119.44,40755,94.521
1/1/2006,100.4121,199.3,98.127,20%,4.7,12.95,55.1,1994,4.16,0.6,1376.1,6655,0.3,-64.568,1.01,6.84,-183.4663846,124.51,517.24,0.8227,3290.258417,568.75,9/30/2011,-0.1,-106.86,40847,96.091
2/1/2006,100.3635,199.4,98.1687,20%,4.8,12.34,55,2273,4.29,0.6,1374.3,6681.9,1.7,-66.967,0.79,6.72,-186.0819469,128.39,525.74,0.8389,3337.765828,556,12/30/2011,4.6,-109.77,40939,97.123
3/1/2006,100.2323,199.7,98.3913,21%,4.7,11.39,55.8,2119,4.49,-1.1,1379.5,6724.3,0.6,-62.308,0.78,6.84,-192.5346373,129.37,528.58,0.8252,3504.79,582,3/30/2012,3.4,-113.91,41029,97.828
4/1/2006,99.981,200.7,98.6826,18%,4.7,11.59,54.3,1969,4.59,0.4,1378.4,6748.6,0.6,-62.397,0.38,6.83,-201.5259506,129.83,532.06,0.7915,3396.04,644,6/29/2012,1.8,-110,41121,98.448
5/1/2006,99.69939,201.3,98.7074,18%,4.6,16.44,55.2,1821,4.79,0.8,1383.2,6762.9,0.5,-62.603,0.25,6.7,-208.5348014,130.4,535.45,0.7804,3301.52,653,9/28/2012,0.6,-98.87,41213,100.075
6/1/2006,99.67864,201.8,99.0398,14%,4.6,13.08,53.7,1942,4.94,0,1381.4,6800.1,0.2,-64.818,-0.07,6.58,-209.4443431,128.73,535.08,0.7818,3466.31,613.5,12/31/2012,0.5,-95.4,41305,100.74
7/1/2006,99.71475,202.9,98.9751,19%,4.7,14.95,52,1802,4.99,0.5,1387.2,6806.9,0.4,-63.8,-0.34,6.48,-205.3045167,127.28,533.12,0.7834,3570.76,632.5,3/29/2013,4,-90.92,41394,100.058
8/1/2006,99.81288,203.8,99.4047,19%,4.7,12.31,53,1737,5.24,-0.2,1375.4,6844.9,0.3,-66.909,-0.42,6.32,-200.2439941,127.22,539.04,0.7809,3692.92,623.5,6/28/2013,1.1,-89.16,41486,98.728
9/1/2006,100.1277,202.8,99.2246,14%,4.5,11.98,53.7,1650,5.25,0.7,1372.4,6886.3,0.2,-68.277,-0.41,6.34,-198.0332234,131.42,547.79,0.7892,3766.03,599.25,9/30/2013,3.5,-85.39,41578,99.791
10/1/2006,100.5471,201.9,99.1229,12%,4.4,11.1,52.2,1720,5.25,-1.2,1372.4,6917.1,0.3,-65.095,-0.25,6.28,-199.5516169,133.58,554.72,0.7834,4004,603.75,12/31/2013,3.5,-74.04,41670,102.346
11/1/2006,100.7777,202,99.0963,12%,4.5,10.91,51.4,1491,5.25,-0.9,1364.4,6944.2,0.3,-59.538,-0.02,6.36,-204.4057139,136.86,563.67,0.7552,4182.43,646.7,3/31/2014,-1.4,-90.91,41759,100.651
12/1/2006,100.893,203.1,100.1125,21%,4.4,11.56,50.3,1570,5.25,0.8,1370.3,6993.3,0.5,-58.939,0.05,6.34,-211.6800296,140.22,572.66,0.7575,4131.39,632,6/30/2014,5.3,-87.17,41851,100.111
1/1/2007,100.9249,203.437,99.7546,18%,4.6,10.42,51.4,1649,5.24,0.7,1370.8,7028.4,0.9,-61.882,-0.08,6.4,-217.8015672,141.62,578.1,0.7672,4455,650.5,9/30/2014,5,-89.19,41943,101.281
2/1/2007,100.7022,204.226,100.7166,18%,4.5,15.42,50.4,1409,5.25,-0.1,1366.6,7071.6,0.5,-58.014,0.13,5.74,-218.3450532,144.61,585.27,0.7557,4325.12,664.2,12/31/2014,2,-102.78,42035,100.49
3/1/2007,100.4308,205.288,100.8952,14%,4.4,14.64,54.1,1480,5.26,1.1,1371.7,7109.6,0.7,-58.479,0.16,5.79,-210.8738027,140.51,591.83,0.7486,4216.98,661.75,3/31/2015,3.6,-99.4,42124,99.301
4/1/2007,100.257,205.904,101.5723,14%,4.5,14.22,52.8,1495,5.26,0.9,1363,7125.3,0.7,-62.183,-0.06,5.46,-200.3002938,142,593.83,0.7329,4221.58,677,6/30/2015,2.5,-99.48,42216,98.636
5/1/2007,100.1968,206.755,101.6269,14%,4.4,13.05,52.7,1490,5.25,0.7,1366.5,7159.1,0.4,-60.494,-0.52,5.29,-193.2291936,148.67,601.46,0.7433,4226,659.1,9/30/2015,1.6,-109.93,42308,102.642
6/1/2007,100.1562,207.234,101.6547,8%,4.6,16.23,53.1,1415,5.25,0.4,1378,7231.3,0.3,-59.572,-0.91,5.27,-193.5050687,154.08,605.61,0.7385,3843.94,650.5,12/31/2015,0.7,-99.66,42400,103.989
7/1/2007,100.1331,207.603,101.4953,-5%,4.7,23.52,54,1448,5.25,0.1,1380.9,7245.4,0.2,-59.997,-1.08,5.12,-197.5966551,150.43,595.76,0.7313,3505.89,665.5,3/31/2016,2.3,-104.02,42490,103.58
8/1/2007,99.90429,207.667,101.6943,-5%,4.6,23.38,51.8,1354,5.26,0.7,1368.2,7278.6,0.2,-60.246,-1.01,5.07,-200.7687786,146.43,574.83,0.7337,3698.61,672,6/30/2016,1.3,-100.48,42582,103.604
9/1/2007,99.64957,208.547,101.9428,-5%,4.7,18,52.2,1330,5.02,-0.7,1371.8,7309,0.1,-57.214,-0.99,4.87,-200.163283,147.59,583.48,0.7006,3855.55,743,9/30/2016,2.9,-99.56,42674,104.649
10/1/2007,99.35554,209.19,101.6446,-15%,4.7,18.53,53.8,1183,4.94,1,1376.3,7385.1,0.5,-58.158,-0.91,4.58,-196.6019081,154.3,597.89,0.6905,3886.98,789.5,12/30/2016,2.2,-92.16,42766,102.937
11/1/2007,99.07018,210.834,102.2167,-15%,4.7,22.87,52.8,1264,4.76,1,1375.7,7403.2,0.2,-57.666,-1.11,4.43,-191.328323,151.03,600.21,0.6834,3551.79,783.5,3/31/2017,2,-85.46,42855,102.088
12/1/2007,98.9023,211.445,102.2764,-40%,5,22.5,51.5,1197,4.49,1.8,1379.4,7417.2,0.5,-60.682,-1.61,4.46,-185.2944742,148.66,589.05,0.6854,3394.71,833.75,6/30/2017,2.3,-103.94,42947,102.805
1/1/2008,98.74091,212.174,102.1493,-29%,5,26.2,50.1,1037,4.24,-0.4,1371.8,7441.8,0.7,-58.29,-1.5,4.41,-179.0273404,146.21,590.78,0.6728,3384.36,923.25,9/29/2017,3.2,-85.77,43039,102.274
2/1/2008,98.35253,212.687,101.7756,-29%,4.9,26.54,50.9,1084,3.94,0.9,1373.4,7471.6,0.4,-61.339,-1.6,4.17,-173.0386995,139.58,584.21,0.6587,3254.17,971.5,12/29/2017,4.6,-92.45,43131,103.744
3/1/2008,97.88428,213.448,101.4508,-50%,5.1,25.61,48.8,1103,2.98,0.3,1377.7,7505.5,0.3,-64.225,-1.97,4.12,-168.3365554,133.82,575.83,0.6341,3380.46,933.5,3/30/2018,3.3,-96.92,43220,102.984
4/1/2008,97.35648,213.942,100.7554,-54%,5,20.79,49.7,1005,2.61,0.9,1380.4,7590.6,0.4,-60.2,-1.93,4.16,-166.4702004,136.61,573.82,0.6401,3586.71,871,6/29/2018,2.1,-94.15,43312,103.449
5/1/2008,96.97754,215.208,100.1336,-54%,5.4,17.83,48.5,1013,2.28,0.3,1388.7,7656.2,-0.1,-63.733,-1.52,4.11,-168.9215591,141.12,597.98,0.643,3613.87,885.75,9/28/2018,2.5,-119.45,43404,105.049
6/1/2008,96.85837,217.463,99.8728,-32%,5.6,23.95,48.9,973,1.98,1.4,1391.4,7699.2,4.7,-62.31,-1.67,4.14,-174.791277,140.35,599.26,0.6347,3207.18,930.25,12/31/2018,0.6,-129.32,43496,104.34
7/1/2008,97.06129,219.016,99.4194,-29%,5.8,22.94,49.9,1046,2,1.6,1393.4,7711.2,-1.7,-60.889,-1.4,4.09,-180.6808028,128.38,580.45,0.641,3297.34,918,3/29/2019,2.5,-115.13,43585,102.922
8/1/2008,97.31839,218.69,97.8491,-29%,6.1,20.65,50.8,923,2.01,1.2,1404.6,7728.9,-1.2,-66.989,-1.66,4.15,-183.275656,126.16,572.03,0.6815,3363.51,833,6/28/2019,3.4,-117.01,43677,104.615
9/1/2008,97.39437,218.877,93.5576,-40%,6.1,39.39,50.1,844,2,-0.8,1421.1,7775.4,-0.7,-62.394,-1.39,4.19,-182.3941912,128.79,575.86,0.708,3352.33,884.5,9/30/2019,4.8,-110.16,43769,105.782
10/1/2008,97.04175,216.995,94.4985,-95%,6.5,59.89,47.2,820,1.81,0.4,1407.4,7790.2,0.2,-60.292,-1.86,4.27,-180.3207304,116.06,523.97,0.7853,2339.06,730.75,12/31/2019,2.8,-99.46,43861,106.886
11/1/2008,96.78537,213.153,93.2617,-95%,6.8,55.28,38.2,777,0.97,-2.4,1462,7859.5,0,-60.879,-1.77,4.09,-179.1964708,96.83,441.9,0.7874,1835.84,814.5,3/31/2020,-5.5,-100.53,43951,132.815
12/1/2008,96.77791,211.398,90.6266,-110%,7.3,40,39,652,0.39,-3,1473.8,7965.3,-0.5,-45.132,-1.69,3.77,-179.0089556,82.11,403.4,0.7152,2127.27,869.75,6/30/2020,-28.1,-150.36,44043,124.261
1/1/2009,96.78511,211.933,88.3712,-41%,7.8,44.84,34.5,560,0.16,-1.9,1514.6,8015.8,-1.2,-43.967,-1.91,4.01,-178.4806196,90.24,434.88,0.7827,1776.4,919.5,9/30/2020,35.2,-168.93,44135,125.733
2/1/2009,96.7591,212.705,87.843,-41%,8.3,46.35,36.4,490,0.15,0.6,1601.7,8192.1,-0.9,-39.343,-2,3.82,-176.2427015,82.83,457.96,0.7892,1430.65,952,12/31/2020,4.4,-181.38,44227,124.168
3/1/2009,96.96084,212.495,86.4689,-225%,8.7,44.14,36.6,582,0.22,-0.1,1582.8,8273.7,-1,-28.778,-1.43,3.97,-170.3344631,73.93,442.09,0.7546,1493.73,916.5,3/31/2021,5.6,-189.5,44316,122.083
4/1/2009,97.40855,212.709,85.7903,-216%,9,36.5,37.2,505,0.18,-0.9,1567.2,8303.1,-0.4,-30.193,-1.98,3.86,-158.5145188,81.06,455.81,0.756,1911.6,883.25,6/30/2021,6.4,-211.24,44408,118.84
5/1/2009,97.79377,213.022,84.9436,-216%,9.4,28.92,39.9,478,0.15,0.5,1578.9,8369.3,0.4,-30.473,-0.81,3.9,-139.4668087,87.89,511.06,0.7066,1952.5,975.5,9/30/2021,3.5,-234.99,44500,119.535
6/1/2009,97.95326,214.79,84.6746,-35%,9.5,26.35,44.1,540,0.18,0.2,1611.6,8372.9,1.4,-25.839,-0.51,4,-117.5776493,94.77,547.73,0.7126,1904.29,934.5,12/31/2021,7.4,-232.25,44592,120.565
7/1/2009,97.90809,214.726,85.6853,-27%,9.5,25.92,46.3,585,0.21,1.9,1617.5,8430.7,-1.1,-27.152,0.32,4.1,-99.4,92.33,564.2,0.7017,2098.13,939,3/31/2022,-1,-291.82,44681,118.456
8/1/2009,97.95174,215.445,86.6393,-27%,9.6,26.01,49.7,594,0.16,-1.2,1658.8,8440.5,-0.4,-33.307,0.68,4.37,-89.80410073,98.81,597.39,0.6978,2354.6,955.5,6/30/2022,0.3,-263.1,44773,117.726
9/1/2009,98.1294,215.861,87.3821,18%,9.8,25.61,53.4,586,0.16,1.4,1662.5,8445.1,0.1,-31.674,0.86,4.45,-86.91258244,100.2,609.31,0.6832,2504.52,995.75,9/30/2022,2.7,-230.53,44865,117.526
10/1/2009,98.15902,216.509,87.5809,1609%,10,30.69,54.9,585,0.15,-0.2,1660,8445,0.4,-35.247,0.41,4.62,-87.1620998,102.97,644.59,0.6794,2384.26,1040,12/30/2022,3.4,-226.65,44957,115.808
11/1/2009,98.17303,217.234,87.9388,1609%,9.9,24.51,57.6,534,0.12,0.5,1664.9,8444.2,0.1,-34.959,0.51,5.02,-87.93584737,103.56,657.5,0.6663,2547.43,1175.75,3/31/2023,2.8,-230.33,45046,117.77
12/1/2009,98.34699,217.347,88.2404,-1279%,9.9,21.68,55.4,588,0.12,1.3,1677.7,8471.1,0.5,-38.381,0.46,5.44,-89.34812711,111.3,664.64,0.6985,2711.15,1087.5,6/30/2023,2.4,-232.6,45138,118.592
1/1/2010,98.50824,217.488,89.1897,74%,9.8,24.62,55.8,581,0.12,0.3,1683,8500.8,0.5,-39.426,0.54,4.4,-92.00058533,111.44,684.98,0.7211,2584.32,1078.5,9/29/2023,4.4,-220.66,45230,120.16
2/1/2010,98.56321,217.281,89.5046,74%,9.8,19.5,56.3,614,0.11,1,1692.8,8496,0.7,-37.744,0.46,4.19,-95.92470438,109.06,694.6,0.7339,2715.02,1108.25,12/29/2023,3.2,-221.78,45322,120.83
3/1/2010,98.56012,217.353,90.1356,-223%,9.9,17.59,55.5,604,0.13,-0.7,1674.7,8458.1,0,-41.504,-0.01,4.27,-99.83753778,111.89,697.68,0.7401,2970.74,1115.5,3/31/2024,1.6,-240.98,45412,120.04
4/1/2010,98.53974,217.403,90.4607,-252%,9.9,22.05,58.8,636,0.16,0.7,1699.8,8507.4,0.5,-40.271,-0.46,4.49,-102.2811097,117.8,718,0.752,3166.23,1179.25,,,,,
5/1/2010,98.53848,217.29,91.7014,-252%,9.6,32.07,58.1,687,0.2,0,1711.9,8504.5,0.9,-41.496,0.57,4.82,-102.7849502,118.81,734.08,0.8127,2997.91,1207.5,,,,,
6/1/2010,98.44367,217.199,91.9033,91%,9.4,34.54,57.4,583,0.2,0,1699,8535.2,0.8,-42.088,0.14,4.88,-102.7109875,107.53,706.95,0.8173,2862.01,1244,,,,,
7/1/2010,98.15993,217.605,92.2549,83%,9.4,23.5,56.5,536,0.18,-0.3,1710.1,8589.9,0.1,-47.316,-0.16,4.45,-103.5963442,102.76,716.53,0.7662,3119.41,1169,,,,,
8/1/2010,97.98689,217.923,92.5936,83%,9.5,26.05,56.1,546,0.18,0.1,1731.6,8609,0.3,-41.609,-0.43,3.45,-106.0947314,110.27,742.33,0.7879,3075.61,1246,,,,,
9/1/2010,97.93621,218.275,92.8533,41%,9.5,23.7,56.4,599,0.19,0.6,1724,8618.8,0.5,-45.619,-0.59,3.68,-109.7375493,108.46,744.6,0.7334,3212.63,1307,,,,,
10/1/2010,98.0344,219.035,92.6033,42%,9.4,21.2,55.3,594,0.19,0.3,1748.7,8669.1,0.2,-44.333,-0.68,3.84,-113.9457412,114.61,767,0.7167,3358.99,1346.75,,,,,
11/1/2010,98.29088,219.59,92.6686,42%,9.8,23.54,56.9,543,0.19,0.8,1766.2,8700.1,0.4,-40.646,-0.64,3.83,-117.3390966,118.53,784.27,0.7702,3304.44,1383.5,,,,,
12/1/2010,98.54091,220.472,93.5916,34%,9.3,17.75,57.3,545,0.19,0.4,1780.4,8749.4,0.3,-38.739,-0.24,4.02,-117.7740519,121.01,776.71,0.7473,3458.89,1405.5,,,,,
1/1/2011,98.64883,221.187,93.3889,29%,9.1,19.53,56.6,539,0.18,0.9,1828.4,8770,0.8,-41.721,-0.22,4.27,-113.3359049,125.75,789.04,0.7304,3584.82,1327,,,,,
2/1/2011,98.59994,221.898,93.0045,29%,9,18.35,59.1,630,0.17,0.8,1836.7,8801.8,1.6,-48.123,-0.27,4.42,-106.0381029,130.74,806.39,0.7245,3745.64,1411,,,,,
3/1/2011,98.35714,223.046,93.9684,31%,9,17.74,59.2,517,0.16,1.1,1846.3,8823.1,0.6,-44.753,-0.39,4.16,-100.9433574,130.93,817.36,0.7057,3693.94,1439,,,,,
4/1/2011,98.29892,224.093,93.6571,27%,9.1,14.75,58.4,600,0.14,0.7,1870.1,8886.9,0.2,-44.312,-1.14,4.26,-102.6763159,133.15,821.12,0.6754,3874.67,1535.5,,,,,
5/1/2011,98.28327,224.806,93.7723,27%,9,15.45,57.9,554,0.1,0.9,1896.5,8943.5,0.3,-42.685,0.19,4.17,-110.0212059,136.43,832.29,0.6946,3907.18,1536.5,,,,,
6/1/2011,97.97703,224.806,94.0493,19%,9.1,16.52,54.8,561,0.09,0.5,1897,9004.9,0.2,-47.725,-0.19,4.14,-118.0784956,131.87,836.88,0.6893,3802.4,1505.5,,,,,
7/1/2011,97.40202,225.395,94.4958,20%,9,25.25,55.8,608,0.09,-0.4,1941.6,9075.5,0.4,-49.882,-0.04,4.23,-122.4467087,133.92,829.13,0.6946,3817.09,1628.5,,,,,
8/1/2011,96.91122,226.106,95.0974,20%,9,31.62,52.9,623,0.07,0.4,1963.4,9151,0.6,-46.07,-0.03,4.15,-122.6156493,128.78,838.41,0.6954,3624.07,1813.5,,,,,
9/1/2011,96.84426,226.597,95.0244,14%,9,42.96,52.6,585,0.1,-0.3,1996,9316.6,0.2,-45.052,-0.19,4.38,-119.7380418,120.94,807.17,0.7469,3246.63,1620,,,,,
10/1/2011,97.07516,226.75,95.6891,8%,8.8,29.96,53.7,650,0.08,0.9,2115.4,9507.6,0,-43.477,-0.45,4.33,-115.0501779,113.15,775.67,0.7215,3678.85,1722,,,,,
11/1/2011,97.51543,227.169,95.6778,8%,8.6,27.8,51.4,610,0.07,-0.2,2120,9528.3,0,-45.509,-0.55,4.34,-110.1735845,122,815.17,0.7439,3549.08,1746,,,,,
12/1/2011,98.06004,227.223,96.1809,10%,8.5,23.4,51.8,711,0.08,0.3,2128.5,9562.1,0.1,-47.46,-0.52,4.39,-106.8495409,124.97,806.35,0.7727,3710.61,1531,,,,,
1/1/2012,98.52432,227.842,96.7595,13%,8.3,19.44,53,694,0.07,-0.1,2182,9612.6,1,-49.473,-0.41,4.35,-106.3110777,125.5,823.62,0.7646,3950.7,1744,,,,,
2/1/2012,98.78316,228.329,97.0662,13%,8.3,18.43,54.2,723,0.08,0.4,2165.7,9660.1,0.6,-50.126,-0.16,4.48,-107.7901084,132.47,848.97,0.7502,3924.46,1770,,,,,
3/1/2012,98.9079,228.807,96.5609,2%,8.2,15.5,53.3,704,0.1,0.3,2201.8,9733.3,0.7,-42.78,-0.12,4.58,-110.0264164,137.73,867.29,0.7493,4096.87,1662.5,,,,,
4/1/2012,98.94286,229.187,97.251,-1%,8.2,17.15,53.5,695,0.13,0.1,2207.1,9785.7,0.5,-49.749,-0.27,4.52,-112.0013388,140.81,866.03,0.7551,4211.56,1651.25,,,,,
5/1/2012,98.8867,228.713,97.4595,-1%,8.2,24.06,55.2,753,0.14,-0.1,2227.8,9830.6,0.5,-46.842,0.91,4.59,-113.3825226,140.74,877.03,0.8091,4045.25,1558,,,,,
6/1/2012,98.68109,228.524,97.4768,4%,8.2,17.08,53.2,708,0.16,-0.6,2237.3,9884.6,-0.1,-45.106,1.15,4.6,-113.9586997,128.16,860.25,0.7898,4283.27,1598.5,,,,,
7/1/2012,98.60864,228.59,97.6714,3%,8.2,18.93,49.5,757,0.16,-0.4,2256.2,9928.4,-0.1,-42.941,1.13,4.47,-113.5215948,136.1,881.89,0.8127,4381.63,1622,,,,,
8/1/2012,98.77948,229.918,97.2734,3%,8.1,17.47,49.6,740,0.16,0.2,2275.3,9999.3,-0.6,-42.406,0.67,4.53,-111.8691535,137.59,899.86,0.7948,4401.71,1648.5,,,,,
9/1/2012,99.09757,231.015,97.2217,-4%,7.8,15.73,49,754,0.13,1.2,2315,10051.8,0.1,-44.03,0.69,4.76,-108.8090562,141.16,909.63,0.7777,4362.45,1776,,,,,
10/1/2012,99.32568,231.638,97.5311,-2%,7.8,18.6,50.8,847,0.14,0.9,2354.1,10121.3,1.1,-38.794,0.62,4.71,-104.6784171,144.35,923.77,0.7716,4347.88,1719,,,,,
11/1/2012,99.23881,231.249,97.9084,-2%,7.7,15.87,50.5,915,0.16,0.1,2386.6,10200.8,1,-41.467,0.68,4.79,-100.6303201,142.83,931.32,0.7688,4320.02,1726,,,,,
12/1/2012,98.90295,231.221,98.1884,-4%,7.9,18.02,48,833,0.16,-0.5,2420.1,10267.3,1.3,-45.332,0.69,4.96,-97.85523735,142.15,937.1,0.7577,4458.1,1657.5,,,,,
1/1/2013,98.77381,231.679,98.1736,-2%,8,14.28,50.1,976,0.16,-0.2,2441.2,10337.6,2.5,-36.334,0.89,4.89,-96.57074728,142.41,951.96,0.7363,4649.04,1664.75,,,,,
2/1/2013,98.8774,232.937,98.6434,-2%,7.7,15.51,53.3,888,0.14,0.6,2460.7,10459.7,-4.8,-40.135,0.83,4.98,-95.87281834,151.24,965.48,0.7653,4709.21,1588.5,,,,,
3/1/2013,99.04517,232.282,99.047,2%,7.5,12.7,54.2,962,0.15,0.6,2476.7,10482.9,0.2,-41.004,0.84,5.06,-94.82002788,152.11,969.66,0.7798,4864.24,1598.25,,,,,
4/1/2013,99.25853,231.797,98.9445,5%,7.6,13.52,51.9,1010,0.14,-0.6,2468.9,10501.3,0.2,-34.314,0.93,5.07,-93.16368455,156.05,980.02,0.7594,5146.457,1469,,,,,
5/1/2013,99.59885,231.893,99.0383,5%,7.5,16.3,51,835,0.15,-0.6,2476.3,10558.3,0.3,-38.487,1.92,5.09,-91.4234481,158.28,1000.04,0.7691,4808.8,1394.5,,,,,
6/1/2013,99.7748,232.445,99.2221,8%,7.5,16.86,50.8,930,0.11,0.4,2504.9,10586.3,0.6,-41.701,1.39,5.14,-90.12574281,163.45,992.41,0.7685,4699.378,1192,,,,,
7/1/2013,99.73689,232.9,98.8987,9%,7.3,13.45,51.1,839,0.09,0.1,2523.5,10621,0.2,-34.426,1.17,5.11,-89.40944097,161.36,967.6,0.7516,4724.134,1314.5,,,,,
8/1/2013,99.45435,233.456,99.4897,9%,7.2,17.01,53.8,880,0.09,-0.1,2521,10678.7,-0.1,-36.356,1.13,5.27,-89.16268975,170.66,984.13,0.7562,4429.763,1394.75,,,,,
9/1/2013,99.07097,233.544,100.021,15%,7.2,16.6,54,917,0.08,0.5,2542.3,10718.4,0.3,-36.617,1.22,5.26,-89.18536829,163.65,977.48,0.7392,4586.884,1326.5,,,,,
10/1/2013,98.83395,233.669,99.9037,19%,7.2,13.75,54.6,850,0.08,-0.3,2551.3,10776.6,0.5,-39.917,1.08,5.14,-88.60522377,169.34,988.78,0.736,4773.177,1324,,,,,
11/1/2013,98.93504,234.1,100.1582,19%,6.9,13.7,54.6,925,0.09,0.2,2585.5,10837.2,-0.2,-36.285,0.93,5.04,-86.22761843,176.21,1012.39,0.7357,4562.72,1253,,,,,
12/1/2013,99.24061,234.719,100.374,20%,6.7,13.72,55.5,1100,0.08,0.3,2631.2,10961.6,0.4,-33.983,0.73,4.92,-81.25436867,181,1017.01,0.7274,4601.143,1204.5,,,,,
1/1/2014,99.41454,235.288,99.9899,11%,6.6,18.41,56.5,1002,0.09,0.4,2638.8,10969.7,0.4,-33.636,0.54,4.86,-75.92414828,184.69,1022.59,0.7413,4756.523,1251,,,,,
2/1/2014,99.48507,235.547,100.7471,11%,6.7,14,52.5,888,0.07,0.8,2674.2,11035,0.7,-37.433,0.56,4.76,-73.87352584,178.18,1030.15,0.7245,4979.479,1326.5,,,,,
3/1/2014,99.51752,236.028,101.7435,19%,6.7,13.88,55,944,0.07,0.2,2714.1,11105.7,0.6,-40.119,0.36,4.78,-77.83299816,186.29,1050.8,0.7261,4995.647,1291.75,,,,,
4/1/2014,99.591,236.468,101.8273,21%,6.2,13.41,55.9,970,0.08,0.3,2730.2,11171.2,0.7,-42.94,0.42,4.75,-85.09508479,188.25,1054.03,0.721,5139.628,1288.5,,,,,
5/1/2014,99.5773,236.918,102.2392,21%,6.3,11.4,56.6,1043,0.09,0.4,2749.3,11208.1,0.5,-43.735,0.44,4.79,-90.94821004,188.33,1061.01,0.7336,5281.419,1250.5,,,,,
6/1/2014,99.55072,237.231,102.5774,5%,6.1,11.57,55.7,1007,0.09,-0.3,2774.2,11253.1,0.4,-39.575,0.18,4.9,-91.96327333,192.68,1071.2,0.7303,5343.651,1315,,,,,
7/1/2014,99.54248,237.498,102.7954,6%,6.2,16.95,55,911,0.1,0.2,2785.3,11317.9,0.5,-38.895,0.18,4.94,-89.69294164,197.03,1080.59,0.7468,5333.476,1285.25,,,,,
8/1/2014,99.63799,237.46,102.6322,6%,6.1,12.09,55.1,1085,0.09,0,2817.2,11373.5,0.4,-38.935,0.06,4.98,-86.89564573,192.5,1060.25,0.7614,5513.815,1285.75,,,,,
9/1/2014,99.84365,237.477,102.9417,10%,5.9,16.31,56.3,984,0.09,0,2837.3,11427.4,0.5,-36.935,0.19,4.97,-85.73587454,200.71,1082.37,0.7916,5203.158,1216.5,,,,,
10/1/2014,100.1328,237.43,102.9611,1%,5.7,14.03,55.7,1023,0.09,-0.3,2787,11451.9,0.4,-41.672,0.3,5,-86.71633774,194.35,1061.15,0.7984,5657.078,1164.25,,,,,
11/1/2014,100.4875,236.983,103.5978,1%,5.8,13.33,56.2,1074,0.09,-0.3,2861.2,11493.7,0.5,-41.067,0.54,5.12,-90.04817865,201.66,1071.53,0.803,5787.073,1182.75,,,,,
12/1/2014,100.8809,236.252,103.6151,3%,5.6,19.2,56.3,1001,0.09,-0.3,2880.4,11568.1,0.5,-39.808,0.45,4.99,-95.26452915,205.76,1056.53,0.8264,5850.232,1206,,,,,
1/1/2015,101.1459,234.747,102.7923,4%,5.7,20.97,55.7,1073,0.12,-1.4,2888.2,11608.8,0.5,-42.838,0.59,5.09,-100.3812914,205.54,1048.18,0.8857,6177.536,1260.25,,,,,
2/1/2015,101.1482,235.342,102.1366,4%,5.5,13.34,53.9,1085,0.11,-1.8,2955.8,11692,0.4,-38.865,0.48,4.92,-103.2220033,199.45,1055.41,0.893,6018.121,1214,,,,,
3/1/2015,101.0514,235.976,101.7869,-13%,5.4,15.29,53,886,0.11,0.1,2952.9,11764.6,0.5,-33.903,0.71,5.08,-102.8880092,210.66,1080.59,0.9318,6087.343,1187,,,,,
4/1/2015,100.9965,236.222,101.2255,-15%,5.4,14.55,52.1,960,0.11,0.4,3009.9,11870.8,0,-48.732,0.38,5.25,-100.7843314,205.7,1075.08,0.8907,5800.614,1180.25,,,,,
5/1/2015,100.9159,237.001,100.7675,-15%,5.6,13.84,51.9,1190,0.12,-0.7,2996.8,11883.6,0.4,-39.836,0.42,5.17,-98.5465307,210.72,1087.92,0.91,5794,1191.4,,,,,
6/1/2015,100.93,237.657,100.4588,-14%,5.3,18.23,52.9,1079,0.12,1.1,2999.1,11923.2,0.4,-38.502,0.33,5.25,-97.43124587,211.57,1090.63,0.8977,5543.782,1171,,,,,
7/1/2015,100.815,238.034,101.0893,-13%,5.2,12.12,52.5,1205,0.13,0.6,2978.6,11954.4,0.2,-42.425,0.31,5.36,-98.22691715,207.5,1076.56,0.91,5812.917,1098.4,,,,,
8/1/2015,100.625,238.033,100.9165,-13%,5.1,28.43,52,1146,0.13,-0.1,3013.4,12000.5,0.3,-40.34,0.31,5.44,-101.6014939,210.5,1067.71,0.8914,5482.948,1135,,,,,
9/1/2015,100.4538,237.498,100.633,-16%,5,24.5,50.2,1130,0.14,-0.4,3034.4,12049.9,0.2,-44.205,0.34,5.36,-106.3803026,191.77,1047.63,0.8946,5585.744,1114,,,,,
10/1/2015,100.4831,237.733,100.1563,-17%,5,15.07,50.1,1224,0.14,-1.2,3017.6,12100.2,0.1,-41.641,0.51,5.41,-109.6808299,192.13,1019.63,0.9086,5928.864,1142.35,,,,,
11/1/2015,100.5999,238.017,99.4366,-17%,5.1,16.13,49.1,1058,0.12,-0.3,3044.8,12160.7,0.2,-40.873,0.55,5.28,-108.7980578,207.93,1049.54,0.9464,5913.562,1061.9,,,,,
12/1/2015,100.6973,237.761,98.9471,-16%,5,18.21,49.1,1172,0.12,0.1,3026.1,12200.8,0,-40.451,0.6,4.78,-104.5437796,210.68,1028.38,0.9207,5984.183,1060,,,,,
1/1/2016,100.7104,237.652,99.4391,-11%,4.8,20.2,48.7,1146,0.24,-0.7,3083.4,12289.8,0.3,-41.003,0.46,5.44,-100.3847287,203.87,999.52,0.9226,5776.003,1111.8,,,,,
2/1/2016,100.673,237.336,98.9232,-11%,4.9,20.55,47.6,1092,0.34,-0.3,3104.1,12350.6,0.2,-40.044,0.45,5.43,-99.51967898,193.65,981.84,0.9195,5759.4,1234.9,,,,,
3/1/2016,100.633,238.08,98.1635,-12%,5,13.95,49.2,1225,0.38,-0.7,3103.4,12480,0,-43.306,0.36,5.26,-101.5288046,198.11,996.56,0.8786,6334.7,1237,,,,,
4/1/2016,100.6551,238.992,98.4775,-11%,5.1,15.7,51,1111,0.36,0.2,3131.6,12546.7,0.2,-36.801,0.4,5.34,-103.7737787,206.92,1031.84,0.8728,6229.234,1285.65,,,,,
5/1/2016,100.7778,239.557,98.2549,-11%,4.8,14.19,51.3,1163,0.37,0.3,3152.8,12609.3,0.2,-38.048,0.45,5.47,-103.9388552,206.33,1073.2,0.8981,6374.916,1212.1,,,,,
6/1/2016,100.7557,240.222,98.7315,0%,4.9,15.63,51.4,1148,0.37,0.4,3197.7,12692.8,0.1,-39.032,0.27,5.44,-102.3654835,210.27,1078.8,0.9003,6801.029,1320.75,,,,,
7/1/2016,100.6087,240.101,98.8452,3%,4.8,11.87,52.2,1203,0.38,0.7,3236.5,12763.3,0.3,-41.719,0.34,5.47,-100.600284,209.92,1096.84,0.8949,7064.36,1342,,,,,
8/1/2016,100.5024,240.545,98.7427,3%,4.9,13.42,52.7,1239,0.39,0,3242.4,12828.7,0.4,-39.931,0.36,5.37,-99.88967213,216.94,1119.73,0.8959,6832.532,1309.25,,,,,
9/1/2016,100.4832,241.176,98.6552,5%,5,13.29,49.8,1171,0.4,-0.3,3241.7,12889.6,0.3,-40.146,0.43,5.4,-99.85302982,217.39,1144.54,0.8894,6736.215,1322.5,,,,,
10/1/2016,100.5603,241.741,98.7237,10%,4.9,17.06,51.1,1068,0.4,0.4,3312.7,12976.2,0.4,-37.004,0.43,5.47,-99.57142934,216.3,1152.62,0.9105,6406.812,1272,,,,,
11/1/2016,100.8904,242.026,98.3443,10%,4.7,13.33,51.8,1313,0.4,0.6,3326.7,13039.1,0.4,-38.555,0.47,5.56,-98.25700571,211.01,1151.57,0.9443,6276.035,1178.1,,,,,
12/1/2016,101.2288,242.637,99.0406,15%,4.7,14.04,53.2,1140,0.41,-0.2,3338.5,13109.2,0.3,-43.896,0.64,5.51,-95.6731701,219.57,1151.78,0.9507,6539.683,1145.9,,,,,
1/1/2017,101.3774,243.618,98.8158,15%,4.7,11.99,54.4,1252,0.54,0.9,3354.4,13179.7,0.5,-40.976,0.67,5.52,-91.72831659,223.53,1174.32,0.9259,6555.638,1212.8,,,,,
2/1/2017,101.365,244.006,98.4356,15%,4.6,12.92,55.7,1190,0.65,0.8,3345.1,13212.5,0.7,-43.556,0.65,5.67,-87.02199253,227.62,1191.5,0.9453,6828.412,1255.6,,,,,
3/1/2017,101.3344,243.892,99.0492,28%,4.4,12.37,57.7,1271,0.66,0.3,3393.2,13283.5,0.4,-39.785,0.43,5.45,-84.24274518,239.78,1211.78,0.9385,6733.683,1244.85,,,,,
4/1/2017,101.2947,244.193,100.0416,24%,4.4,10.82,56.5,1190,0.79,-0.1,3403.1,13348.1,0.3,-41.124,0.36,5.61,-86.45915657,235.74,1206.12,0.9175,6767.842,1266.45,,,,,
5/1/2017,101.2233,244.004,100.128,24%,4.4,10.41,55.8,1146,0.9,0.5,3451.3,13416.7,0.4,-44.227,0.33,5.56,-94.10548778,238.68,1219.94,0.8892,6757.904,1266.2,,,,,
6/1/2017,101.1172,244.163,100.337,23%,4.3,11.18,56.4,1157,0.91,-1,3450.4,13477.4,0.6,-43.985,0.4,5.59,-101.8077731,243.36,1232.08,0.875,6894.97,1242.25,,,,,
7/1/2017,101.0761,244.243,100.0865,21%,4.3,10.26,56.2,1249,1.04,0.1,3516.2,13535.7,0.2,-42.579,0.37,5.49,-103.4803963,241.8,1231.98,0.8443,6977.239,1267.55,,,,,
8/1/2017,101.1728,245.183,99.6323,21%,4.4,10.59,56.5,1206,1.15,0.1,3525.3,13559.5,0.4,-43.854,0.6,5.46,-97.43509937,247.32,1247.44,0.8395,7020.678,1311.75,,,,,
9/1/2017,101.2939,246.435,99.7482,15%,4.3,9.51,58.4,1159,1.16,0.6,3547.3,13623.5,0.4,-41.391,0.5,5.39,-89.15616154,247.84,1246.5,0.8463,6980.343,1283.1,,,,,
10/1/2017,101.4439,246.626,100.9893,15%,4.2,10.18,60,1181,1.15,0.8,3586.5,13682,0.6,-41.593,0.69,5.45,-84.67022986,251.23,1257.06,0.8585,6970.157,1270.15,,,,,
11/1/2017,101.4238,247.284,101.2493,15%,4.2,11.28,58.6,1257,1.15,0.3,3570.5,13727.4,0.5,-42.848,0.58,5.46,-86.00427469,257.49,1262.59,0.8399,7153.292,1280.2,,,,,
12/1/2017,101.341,247.805,101.4871,12%,4.1,11.04,57.6,1273,1.16,0.9,3607.8,13781.6,0.4,-45.463,0.64,5.62,-90.3113692,264.46,1258.69,0.8333,7145.734,1291,,,,,
1/1/2018,101.3704,248.859,101.4852,15%,4,13.54,59.7,1177,1.3,0.2,3629.4,13807.6,0.4,-46.535,0.57,5.57,-94.52154176,266.86,1262.2,0.805,6914.425,1345.05,,,,,
2/1/2018,101.5302,249.529,101.7319,15%,4.1,19.85,59.4,1299,1.41,0.2,3613.3,13853,0.5,-47.072,0.68,5.41,-96.98541943,281.58,1268.84,0.8199,6429.064,1317.85,,,,,
3/1/2018,101.6295,249.577,102.1943,15%,4,19.97,60.9,1277,1.42,0.3,3651.1,13861.8,0.4,-48.793,0.68,5.48,-97.35224383,267.7,1255.92,0.8114,6669.61,1323.85,,,,,
4/1/2018,101.5796,250.227,103.3551,17%,4,15.93,58.8,1318,1.51,0,3614.4,13899.4,0.4,-43.508,0.31,5.53,-95.47099548,263.15,1250.68,0.8278,6706.315,1313.2,,,,,
5/1/2018,101.4953,250.792,102.381,17%,3.8,15.43,58.6,1276,1.69,0,3664.5,13958,0.4,-46.129,0.23,5.47,-93.10774802,264.98,1257.31,0.8551,6942.726,1305.35,,,,,
6/1/2018,101.4384,251.018,103.2256,22%,4,16.09,59,1357,1.7,0.5,3656.6,13980.7,0.4,-41.421,0.3,5.43,-93.34075794,273.6,1259.86,0.8557,7224.647,1250.45,,,,,
7/1/2018,101.4075,251.214,103.3561,23%,3.8,12.83,59.9,1192,1.82,0.1,3654,14046.2,0.5,-44.811,0.3,5.45,-98.81288729,271.28,1263.15,0.8553,7280.427,1220.95,,,,,
8/1/2018,101.4186,251.663,104.0585,23%,3.8,12.86,58.1,1208,1.91,0.2,3655.6,14107.1,0.6,-49.673,0.27,5.38,-108.2152379,280.86,1277.58,0.8617,7475.207,1202.45,,,,,
9/1/2018,101.5003,252.182,104.1038,27%,3.7,12.12,60.5,1288,1.91,0.1,3681.5,14145.3,0.4,-49.558,0.23,5.31,-118.2292854,290.31,1286.52,0.8613,7298.982,1187.25,,,,,
10/1/2018,101.4828,252.772,103.9297,20%,3.8,21.23,59.3,1250,1.95,0.3,3695,14193.2,0.2,-50.563,0.33,5.2,-125.8243088,291.73,1296.37,0.8839,7107.489,1214.95,,,,,
11/1/2018,101.3758,252.594,104.0126,20%,3.8,18.07,58.1,1221,2.19,0.8,3702.2,14224.6,0.3,-52.453,0.32,5.16,-129.800981,273.51,1273.61,0.8835,7426.565,1217.55,,,,,
12/1/2018,101.2088,252.767,104.0451,21%,3.9,25.42,58.6,1181,2.2,-0.8,3726.1,14234.7,0.3,-49.401,0.2,5.18,-129.6431383,275.65,1261.25,0.8717,6852.718,1279,,,,,
1/1/2019,101.0089,252.561,103.3598,20%,4,16.57,54.9,1095,2.27,-0.4,3704.2,14245,1.2,-55.212,0.18,5.01,-125.2831184,249.92,1233.61,0.8735,7635.238,1323.25,,,,,
2/1/2019,101.0619,253.319,102.8251,20%,3.8,14.78,55.7,1226,2.4,-0.9,3764.3,14355.3,0.4,-48.915,0.05,4.97,-119.2307282,270.06,1291.82,0.8794,7673.168,1319.15,,,,,
3/1/2019,101.2753,254.277,102.8361,7%,3.8,13.71,54.4,1121,2.4,0.5,3744.4,14417.1,0.4,-47.615,0.06,5.31,-114.9163814,280.42,1312.64,0.8913,7997.071,1295.4,,,,,
4/1/2019,101.4318,255.233,102.2748,6%,3.7,13.12,54.9,1191,2.41,0.8,3751.2,14454.4,0.4,-48.097,-0.11,5.25,-114.482496,285.83,1327.39,0.8916,7992.365,1282.3,,,,,
5/1/2019,101.5178,255.296,102.4176,6%,3.6,18.71,53.6,1272,2.42,0.8,3735,14496.7,0.2,-49.592,0.15,5.31,-116.0648485,291.81,1344.07,0.894,8008.38,1295.55,,,,,
6/1/2019,101.426,255.213,102.5425,5%,3.6,15.08,52.6,1293,2.39,-0.2,3779.3,14531,0.1,-50.844,0.19,5.46,-117.0275577,275.27,1326.37,0.8794,8138.687,1409,,,,,
7/1/2019,101.1991,255.802,102.0057,2%,3.7,16.12,51.5,1243,2.38,-0.5,3788,14643.4,0.2,-48.568,0.18,5.39,-115.7465187,295.66,1361.32,0.9027,8266.927,1427.55,,,,,
8/1/2019,100.9093,256.036,102.7814,2%,3.6,18.98,51,1240,2.4,0.3,3832.1,14765.4,0.1,-48.46,0.2,5.43,-112.8885802,294.84,1364.38,0.9097,8547.594,1528.4,,,,,
9/1/2019,100.9092,256.43,102.4601,-1%,3.5,16.24,48.5,1375,2.13,-0.3,3865,14847.2,0.5,-48.773,0.31,5.47,-109.4338538,292.45,1371.18,0.9173,8728.2,1485.3,,,,,
10/1/2019,101.1078,257.155,101.5878,9%,3.6,13.22,48.1,1311,2.04,0,3862,14928.8,0.2,-44.479,0.4,5.31,-105.9885032,293.24,1374.59,0.8965,8828.02,1510.95,,,,,
11/1/2019,101.3707,257.879,102.1494,9%,3.6,12.62,48.1,1325,1.83,0.6,3901.2,15019.9,0.4,-41.277,0.47,5.29,-102.3463088,306.14,1380.55,0.9075,8708.749,1460.15,,,,,
12/1/2019,101.5937,258.63,101.9421,2%,3.6,13.78,48.1,1353,1.55,0.3,3931.6,15154.5,0.4,-38.833,0.51,5.26,-98.21201516,314.31,1382.49,0.8917,8776.18,1514.75,,,,,
1/1/2020,101.5921,258.906,101.3372,-26%,3.6,18.84,47.9,1548,1.55,0.6,3952.8,15252.6,-0.2,-43.943,0.5,5.45,-94.7932122,321.86,1411.39,0.9013,8899.334,1584.2,,,,,
2/1/2020,101.1732,259.246,101.6718,-26%,3.5,40.11,51.4,1578,1.55,-0.2,4008.4,15313.7,1.2,-43.782,0.33,5.35,-95.93014833,321.73,1411.45,0.9068,8268.935,1609.85,,,,,
3/1/2020,100.1966,258.15,97.606,-11%,4.4,53.54,50.1,1537,1.58,-0.9,3977.6,15380.6,0.6,-40.872,0.39,5.63,-105.6136721,296.26,1389.57,0.9064,6544.9,1608.95,,,,,
4/1/2020,99.13439,256.126,84.6812,-4%,14.8,34.15,49,1252,0.65,-2.1,3979.6,15432.3,-1.7,-43.724,0.15,5.34,-123.29041,246.15,1210.31,0.9125,7137.813,1702.75,,,,,
5/1/2020,98.6451,255.848,86.0108,-4%,13.2,27.51,41.8,931,0.05,-2.9,4260.9,15962,11.7,-53.116,0.03,4.46,-142.4709002,282.79,1269.22,0.9009,7259.76,1728.7,,,,,
6/1/2020,98.59637,257.004,91.6745,-60%,11,30.43,43.5,1053,0.05,2.1,4788.8,16983.9,-4.2,-54.932,-0.11,4.09,-156.4932391,305.55,1334.9,0.8901,7458.468,1768.1,,,,,
7/1/2020,98.6133,258.408,95.0037,-45%,10.2,24.46,52.6,1254,0.08,0.3,16245.5,17850.9,0.2,-49.402,0.14,4.87,-163.740478,310.52,1348,0.8488,7739.839,1964.9,,,,,
8/1/2020,98.81078,259.366,95.9294,-45%,8.4,26.41,53.8,1523,0.09,0.5,16574.1,18142.8,1.3,-59.746,0.91,5.96,-167.5372075,326.52,1408.17,0.8377,7765.106,1957.35,,,,,
9/1/2020,99.11648,259.951,95.8914,-34%,7.8,26.37,55.4,1401,0.1,0.1,16774.5,18293.3,-3,-62.136,1.58,6.04,-171.2591572,352.6,1423.72,0.8531,7567.391,1886.9,,,,,
10/1/2020,99.26201,260.249,96.5256,-36%,6.8,38.02,55.5,1463,0.09,0.4,16898.8,18365.2,0.8,-58.182,1.7,6.35,-175.8190742,337.04,1409.46,0.8583,7327.333,1881.85,,,,,
11/1/2020,99.21984,260.895,96.9529,-36%,6.7,20.57,58.7,1543,0.09,0.5,17170.5,18591.4,0,-61.075,1.8,6.56,-180.1638638,326.54,1413.79,0.8381,8040.254,1762.55,,,,,
12/1/2020,99.22284,262.005,98.2039,-6%,6.7,22.75,57.3,1553,0.09,0.2,17365.7,18743.5,-0.8,-64.703,1.58,6.47,-183.3081358,366.02,1473.67,0.8185,8261.847,1887.6,,,,,
1/1/2021,99.2288,262.518,98.8135,40%,6.4,33.09,60.2,1635,0.09,1.1,17612.9,18959.3,0.8,-62.022,1.44,6.51,-185.7013482,373.88,1498.42,0.8239,8248.444,1863.8,,,,,
2/1/2021,99.36539,263.583,95.5072,40%,6.2,27.95,59.2,1639,0.09,1,17803,19097.3,10.3,-62.779,1.24,6.6,-188.7239456,376.23,1505.01,0.828,8500.607,1742.85,,,,,
3/1/2021,99.72382,264.91,98.1929,31%,6.1,19.4,60.7,1407,0.08,1.2,18063.1,19323,-7,-66.399,1.18,6.13,-193.6491164,389.58,1512.41,0.8524,8962.608,1691.05,,,,,
4/1/2021,99.96289,266.752,98.3317,25%,6.1,18.61,64,1668,0.07,1,18322.3,19559.8,20.8,-66.105,1.27,5.98,-200.8592286,400.61,1514.81,0.8318,9669.679,1767.65,,,,,
5/1/2021,99.90543,268.452,99.1867,25%,5.8,16.76,60.9,1492,0.07,0.5,18595.7,19799.3,-12.9,-66.529,1.39,5.94,-210.344438,417.3,1528.55,0.8177,9745.181,1899.95,,,,,
6/1/2021,99.70004,270.664,99.6483,237%,5.9,15.83,61.7,1607,0.06,1,18946.3,20125.4,-1.9,-66.621,1.63,5.88,-221.5551336,419.67,1533.95,0.8433,10012.256,1763.15,,,,,
7/1/2021,99.24198,271.994,100.0668,149%,5.4,18.24,61.4,1638,0.08,1.3,19266.8,20429.9,0.2,-71.488,1.82,5.99,-231.1732179,430.43,1555.48,0.8423,10413.9,1825.75,,,,,
8/1/2021,98.68501,272.789,100.0412,149%,5.1,16.48,60,1600,0.1,0.7,19327.4,20473.3,1.1,-69.951,1.63,6.07,-234.9926913,438.51,1559.44,0.8467,10636.985,1814.85,,,,,
9/1/2021,98.3926,273.887,98.9955,113%,4.7,23.14,59.6,1595,0.09,1,19493.7,20624.6,0.2,-73.215,1.39,5.99,-231.1395928,451.8,1568.98,0.8632,10027.59,1742.8,,,,,
10/1/2021,98.20995,276.434,100.3542,125%,4.5,16.26,60.5,1563,0.08,1.7,19721.1,20835.9,-0.6,-77.095,1.27,6.17,-227.2190814,434.24,1568.23,0.8647,10721.348,1769.15,,,,,
11/1/2021,98.05109,278.799,101.2684,125%,4.1,27.19,60.5,1587,0.08,1.3,19863.2,20965.7,0.8,-66.942,1.29,6.21,-233.2424442,460.04,1565.06,0.8819,10584.65,1804.4,,,,,
12/1/2021,97.95181,280.808,101.1948,57%,3.9,17.22,60.7,1704,0.08,1,20056.9,21146,0.5,-80.153,1.44,6.43,-254.2105988,450.5,1554.16,0.8794,11556.484,1805.85,,,,,
1/1/2022,97.72173,282.39,101.2146,30%,4,24.83,58.3,1757,0.08,0.5,20246.4,21320.1,0.3,-80.792,1.66,6.21,-279.0064134,474.96,1578.79,0.8899,10665.224,1795.25,,,,,
2/1/2022,97.42072,284.535,101.8458,30%,3.8,30.15,57.4,1712,0.08,1.1,20436.2,21500.5,0,-85.565,1.67,6.43,-293.31633,452.95,1541.12,0.891,10247.509,1909.85,,,,,
3/1/2022,97.18818,287.553,102.6732,41%,3.6,20.56,58.3,1742,0.08,1.9,20500.6,21559.1,0.7,-87.07,2.27,5.89,-289.605254,429.98,1523.35,0.9034,10950.834,1942.15,,,,,
4/1/2022,97.02539,288.764,102.9024,35%,3.7,33.4,57.3,1678,0.2,2.1,20577.6,21614.5,0.5,-101.914,1.94,5.63,-274.8481957,452.92,1503.19,0.9483,10509.89,1911.3,,,,,
5/1/2022,96.62722,291.359,102.9659,35%,3.6,26.19,55.6,1828,0.33,0.7,20690.1,21720.1,0.4,-85.376,1.36,5.53,-257.8417847,412,1452.69,0.9314,10055.563,1838.7,,,,,
6/1/2022,96.22865,294.996,102.8224,-4%,3.6,28.71,56.1,1540,0.77,2,20708.1,21722,0.4,-84.255,0.93,5.35,-244.1919389,409.59,1455.25,0.9537,9324.438,1817,,,,,
7/1/2022,96.20132,294.977,103.0505,-4%,3.5,21.33,53.4,1542,1.21,2.5,20675.4,21690.3,0.5,-81.215,0.26,5.1,-234.4458587,381.24,1359.91,0.9783,10139.678,1753.4,,,,,
8/1/2022,96.46188,295.209,103.1703,-4%,3.6,25.87,52.8,1392,1.68,-1.8,20606.1,21649.8,0.9,-71.04,-0.57,4.86,-228.6864538,410.77,1442.2,0.9939,9539.689,1715.9,,,,,
9/1/2022,96.67612,296.341,103.5326,-11%,3.5,31.62,52.8,1520,2.33,-1.1,20540,21642.1,0.6,-68.522,-1.06,4.75,-226.3999603,396.42,1394.97,1.0201,8281.746,1671.75,,,,,
10/1/2022,96.78831,297.863,103.4442,-17%,3.6,25.88,50.8,1470,2.56,0.6,20455.1,21617.5,0.6,-71.217,-1.03,4.7,-226.3039624,357.18,1348,1.0114,8601.78,1639,,,,,
11/1/2022,96.854,298.648,103.1058,-17%,3.6,20.58,50,1440,3.08,1,20303.3,21538.3,0.7,-75.266,-0.3,4.49,-227.0979123,384.52,1386.67,0.9607,9119.761,1753.5,,,,,
12/1/2022,97.0698113,298.812,101.8266,-16%,3.5,21.67,48.9,1420,3.78,0.5,20141.9,21471.5,0.3,-62.561,-0.25,4.19,-228.1863323,407.38,1423.53,0.9341,8655.3,1813.75,,,,,
1/1/2023,97.35186,300.356,102.7476,-5%,3.4,19.4,48.1,1340,4.1,-1.1,19971.9,21404.2,0.4,-70.762,-0.36,4.12,-229.6548912,382.43,1401.68,0.9205,9546.555,1923.9,,,,,
2/1/2023,97.46672,301.509,102.8003,-5%,3.6,20.7,47.4,1361,4.33,1.2,19764.9,21309.1,0.6,-69.96,-0.31,4.07,-231.5579794,410.8,1461.44,0.9452,8970.052,1824.6,,,,,
3/1/2023,97.35742,301.744,102.8143,-17%,3.5,18.7,47.7,1404,4.57,-0.7,19553.6,21222.4,0.6,-70.521,0.1,4.53,-233.1425634,394.74,1434.6,0.9223,8784.656,1979.7,,,,,
4/1/2023,97.26667,303.032,103.2241,-15%,3.4,15.78,46.5,1342,4.65,-0.9,19362.1,21149.6,0.5,-60.321,0.31,4.35,-233.0710743,409.39,1453.82,0.9071,8812.731,1982.55,,,,,
5/1/2023,97.268,303.365,102.9809,-15%,3.7,17.95,47,1368,4.83,0.2,18968.4,20902.2,0.4,-72.756,0.64,4.22,-230.2201751,415.51,1465.84,0.9353,8444.983,1964.4,,,,,
6/1/2023,97.55695,304.003,102.3809,8%,3.6,15.65,46.6,1583,5.06,-1.2,18647.3,20744.9,0.5,-66.066,0.77,4.23,-225.5585488,421.82,1458.41,0.9163,8925.518,1912.25,,,,,
7/1/2023,97.89566,304.628,103.0722,6%,3.5,13.57,46.4,1415,5.08,0.2,18596.3,20837.3,0.3,-64.806,0.8,4.11,-221.1822986,443.28,1477.58,0.9093,9113.959,1970.65,,,,,
8/1/2023,97.937,306.187,103.0951,6%,3.8,13.93,46.5,1473,5.12,0.3,18485.7,20820.2,0.2,-64.607,0.84,4.05,-218.9579311,456.48,1494.34,0.9221,8815.638,1942.3,,,,,
9/1/2023,97.7463,307.288,103.3081,11%,3.8,13.09,47.6,1305,5.33,1.7,18381.6,20792.8,0.4,-59.631,1.02,4.03,-219.2026629,451.19,1502.61,0.9457,8207.815,1870.5,,,,,
10/1/2023,97.51254,307.531,102.5781,16%,3.8,17.61,48.6,1363,5.33,0.9,18271.2,20764.2,0.4,-62.222,0.73,3.98,-221.6195718,427.48,1485.42,0.9452,7918.458,1996.9,,,,,
11/1/2023,97.56221,308.024,102.8868,16%,3.7,16.87,46.9,1365,5.33,-1.7,18151.3,20709.5,0.3,-64.333,0.66,3.85,-225.9795457,422.66,1471.62,0.9184,8861.974,2035.45,,,,,
12/1/2023,98.1097,308.742,102.6309,11%,3.7,12.63,46.6,1510,5.33,-0.1,18070.1,20690.2,0.4,-64.754,0.31,3.91,-232.3724935,459.1,1539.01,0.906,9649.176,2078.4,,,,,
1/1/2024,98.91297,309.685,101.483,4%,3.7,13.2,47.1,1568,5.33,0.2,18008.5,20702.7,0.4,-64.915,0.35,3.88,-240.98,475.31,1590.32,0.9242,9182.908,2053.25,,,,,
